{"IN": {"fmt": "%N%n%O%n%A%n%C %Z%n%S", "id": "data/IN", "key": "IN", "lang": "en", "languages": "en~hi", "name": "INDIA", "posturl": "https://www.indiapost.gov.in/vas/pages/FindPinCode.aspx", "require": "ACSZ", "state_name_type": "state", "sub_isoids": "AN~AP~AR~AS~BR~CH~CT~DN~DD~DL~GA~GJ~HR~HP~JK~JH~KA~KL~LD~MP~MH~MN~ML~MZ~NL~OR~PY~PB~RJ~SK~TN~TG~TR~UP~UT~WB", "sub_keys": "Andaman and Nicobar Islands~Andhra Pradesh~Arunachal Pradesh~Assam~Bihar~Chandigarh~Chhattisgarh~Dadra and Nagar Haveli~Daman and Diu~Delhi~Goa~Gujarat~Haryana~Himachal Pradesh~Jammu and Kashmir~Jharkhand~Karnataka~Kerala~Lakshadweep~Madhya Pradesh~Maharashtra~Manipur~Meghalaya~Mizoram~Nagaland~Odisha~Puducherry~Punjab~Rajasthan~Sikkim~Tamil Nadu~Telangana~Tripura~Uttar Pradesh~Uttarakhand~West Bengal", "sub_names": "Andaman & Nicobar~Andhra Pradesh~Arunachal Pradesh~Assam~Bihar~Chandigarh~Chhattisgarh~Dadra & Nagar Haveli~Daman & Diu~Delhi~Goa~Gujarat~Haryana~Himachal Pradesh~Jammu & Kashmir~Jharkhand~Karnataka~Kerala~Lakshadweep~Madhya Pradesh~Maharashtra~Manipur~Meghalaya~Mizoram~Nagaland~Odisha~Puducherry~Punjab~Rajasthan~Sikkim~Tamil Nadu~Telangana~Tripura~Uttar Pradesh~Uttarakhand~West Bengal", "sub_zips": "744~5[0-3]~79[0-2]~78~8[0-5]~16|1440[3-9]~49~396~396~11~403~3[6-9]~1[23]~17~1[89]~81[4-9]|82|83[0-5]~5[4-9]|53[7-9]~6[7-9]|6010|607008|777~682~4[5-8]|490~4[0-4]~79[56]~79[34]~796~79[78]~7[5-7]~60[579]~1[456]~3[0-4]~737|750~6[0-6]|536~5[0-3]~799~2[0-35-8]|24[0-7]|26[12]~24[46-9]|254|26[23]~7[0-4]", "zip": "\\d{6}", "zip_name_type": "pin", "zipex": "110034,110001"}, "IN--hi": {"fmt": "%N%n%O%n%A%n%C %Z%n%S", "id": "data/IN--hi", "key": "IN", "lang": "hi", "name": "INDIA", "posturl": "https://www.indiapost.gov.in/vas/pages/FindPinCode.aspx", "require": "ACSZ", "state_name_type": "state", "sub_isoids": "AN~AR~AS~AP~UP~UT~OR~KA~KL~GJ~GA~CH~CT~JK~JH~TN~TG~TR~DD~DN~DL~NL~PB~WB~PY~BR~MN~MP~MH~MZ~ML~RJ~LD~SK~HR~HP", "sub_keys": "Andaman & Nicobar~Arunachal Pradesh~Assam~Andhra Pradesh~Uttar Pradesh~Uttarakhand~Odisha~Karnataka~Kerala~Gujarat~Goa~Chandigarh~Chhattisgarh~Jammu & Kashmir~Jharkhand~Tamil Nadu~Telangana~Tripura~Daman & Diu~Dadra & Nagar Haveli~Delhi~Nagaland~Punjab~West Bengal~Puducherry~Bihar~Manipur~Madhya Pradesh~Maharashtra~Mizoram~Meghalaya~Rajasthan~Lakshadweep~Sikkim~Haryana~Himachal Pradesh", "sub_names": "अंडमान और निकोबार द्वीपसमूह~अरुणाचल प्रदेश~असम~आंध्र प्रदेश~उत्तर प्रदेश~उत्तराखण्ड~ओड़िशा~कर्नाटक~केरल~गुजरात~गोआ~चंडीगढ़~छत्तीसगढ़~जम्मू और कश्मीर~झारखण्ड~तमिल नाडु~तेलंगाना~त्रिपुरा~दमन और दीव~दादरा और नगर हवेली~दिल्ली~नागालैंड~पंजाब~पश्चिम बंगाल~पांडिचेरी~बिहार~मणिपुर~मध्य प्रदेश~महाराष्ट्र~मिजोरम~मेघालय~राजस्थान~लक्षद्वीप~सिक्किम~हरियाणा~हिमाचल प्रदेश", "sub_zips": "744~79[0-2]~78~5[0-3]~2[0-35-8]|24[0-7]|26[12]~24[46-9]|254|26[23]~7[5-7]~5[4-9]|53[7-9]~6[7-9]|6010|607008|777~3[6-9]~403~16|1440[3-9]~49~1[89]~81[4-9]|82|83[0-5]~6[0-6]|536~5[0-3]~799~396~396~11~79[78]~1[456]~7[0-4]~60[579]~8[0-5]~79[56]~4[5-8]|490~4[0-4]~796~79[34]~3[0-4]~682~737|750~1[23]~17", "zip": "\\d{6}", "zip_name_type": "pin", "zipex": "110034,110001"}, "IN/Andaman & Nicobar--hi": {"id": "data/IN/Andaman & Nicobar--hi", "isoid": "AN", "key": "Andaman & Nicobar", "lang": "hi", "name": "अंडमान और निकोबार द्वीपसमूह", "zip": "744"}, "IN/Andaman and Nicobar Islands": {"id": "data/IN/Andaman and Nicobar Islands", "isoid": "AN", "key": "Andaman and Nicobar Islands", "lang": "en", "name": "Andaman & Nicobar", "zip": "744"}, "IN/Andhra Pradesh": {"id": "data/IN/Andhra Pradesh", "isoid": "AP", "key": "Andhra Pradesh", "lang": "en", "name": "Andhra Pradesh", "zip": "5[0-3]"}, "IN/Andhra Pradesh--hi": {"id": "data/IN/Andhra Pradesh--hi", "isoid": "AP", "key": "Andhra Pradesh", "lang": "hi", "name": "आंध्र प्रदेश", "zip": "5[0-3]"}, "IN/Arunachal Pradesh": {"id": "data/IN/Arunachal Pradesh", "isoid": "AR", "key": "Arunachal Pradesh", "lang": "en", "name": "Arunachal Pradesh", "zip": "79[0-2]"}, "IN/Arunachal Pradesh--hi": {"id": "data/IN/Arunachal Pradesh--hi", "isoid": "AR", "key": "Arunachal Pradesh", "lang": "hi", "name": "अरुणाचल प्रदेश", "zip": "79[0-2]"}, "IN/Assam": {"id": "data/IN/Assam", "isoid": "AS", "key": "Assam", "lang": "en", "name": "Assam", "zip": "78"}, "IN/Assam--hi": {"id": "data/IN/Assam--hi", "isoid": "AS", "key": "Assam", "lang": "hi", "name": "असम", "zip": "78"}, "IN/Bihar": {"id": "data/IN/Bihar", "isoid": "BR", "key": "Bihar", "lang": "en", "name": "Bihar", "zip": "8[0-5]"}, "IN/Bihar--hi": {"id": "data/IN/Bihar--hi", "isoid": "BR", "key": "Bihar", "lang": "hi", "name": "बिहार", "zip": "8[0-5]"}, "IN/Chandigarh": {"id": "data/IN/Chandigarh", "isoid": "CH", "key": "Chandigarh", "lang": "en", "name": "Chandigarh", "zip": "16|1440[3-9]"}, "IN/Chandigarh--hi": {"id": "data/IN/Chandigarh--hi", "isoid": "CH", "key": "Chandigarh", "lang": "hi", "name": "चंडीगढ़", "zip": "16|1440[3-9]"}, "IN/Chhattisgarh": {"id": "data/IN/Chhattisgarh", "isoid": "CT", "key": "Chhattisgarh", "lang": "en", "name": "Chhattisgarh", "zip": "49"}, "IN/Chhattisgarh--hi": {"id": "data/IN/Chhattisgarh--hi", "isoid": "CT", "key": "Chhattisgarh", "lang": "hi", "name": "छत्तीसगढ़", "zip": "49"}, "IN/Dadra & Nagar Haveli--hi": {"id": "data/IN/Dadra & Nagar Haveli--hi", "isoid": "DN", "key": "Dadra & Nagar Haveli", "lang": "hi", "name": "दादरा और नगर हवेली", "zip": "396"}, "IN/Dadra and Nagar Haveli": {"id": "data/IN/Dadra and Nagar Haveli", "isoid": "DN", "key": "Dadra and Nagar Haveli", "lang": "en", "name": "Dadra & Nagar Haveli", "zip": "396"}, "IN/Daman & Diu--hi": {"id": "data/IN/Daman & Diu--hi", "isoid": "DD", "key": "Daman & Diu", "lang": "hi", "name": "दमन और दीव", "zip": "396"}, "IN/Daman and Diu": {"id": "data/IN/Daman and Diu", "isoid": "DD", "key": "Daman and Diu", "lang": "en", "name": "Daman & Diu", "zip": "396"}, "IN/Delhi": {"id": "data/IN/Delhi", "isoid": "DL", "key": "Delhi", "lang": "en", "name": "Delhi", "zip": "11"}, "IN/Delhi--hi": {"id": "data/IN/Delhi--hi", "isoid": "DL", "key": "Delhi", "lang": "hi", "name": "दिल्ली", "zip": "11"}, "IN/Goa": {"id": "data/IN/Goa", "isoid": "GA", "key": "Goa", "lang": "en", "name": "Goa", "zip": "403"}, "IN/Goa--hi": {"id": "data/IN/Goa--hi", "isoid": "GA", "key": "Goa", "lang": "hi", "name": "गोआ", "zip": "403"}, "IN/Gujarat": {"id": "data/IN/Gujarat", "isoid": "GJ", "key": "Gujarat", "lang": "en", "name": "Gujarat", "zip": "3[6-9]"}, "IN/Gujarat--hi": {"id": "data/IN/Gujarat--hi", "isoid": "GJ", "key": "Gujarat", "lang": "hi", "name": "गुजरात", "zip": "3[6-9]"}, "IN/Haryana": {"id": "data/IN/Haryana", "isoid": "HR", "key": "Haryana", "lang": "en", "name": "Haryana", "zip": "1[23]"}, "IN/Haryana--hi": {"id": "data/IN/Haryana--hi", "isoid": "HR", "key": "Haryana", "lang": "hi", "name": "हरियाणा", "zip": "1[23]"}, "IN/Himachal Pradesh": {"id": "data/IN/Himachal Pradesh", "isoid": "HP", "key": "Himachal Pradesh", "lang": "en", "name": "Himachal Pradesh", "zip": "17"}, "IN/Himachal Pradesh--hi": {"id": "data/IN/Himachal Pradesh--hi", "isoid": "HP", "key": "Himachal Pradesh", "lang": "hi", "name": "हिमाचल प्रदेश", "zip": "17"}, "IN/Jammu & Kashmir--hi": {"id": "data/IN/Jammu & Kashmir--hi", "isoid": "JK", "key": "Jammu & Kashmir", "lang": "hi", "name": "जम्मू और कश्मीर", "zip": "1[89]"}, "IN/Jammu and Kashmir": {"id": "data/IN/Jammu and Kashmir", "isoid": "JK", "key": "Jammu and Kashmir", "lang": "en", "name": "Jammu & Kashmir", "zip": "1[89]"}, "IN/Jharkhand": {"id": "data/IN/Jharkhand", "isoid": "JH", "key": "Jharkhand", "lang": "en", "name": "Jharkhand", "zip": "81[4-9]|82|83[0-5]"}, "IN/Jharkhand--hi": {"id": "data/IN/Jharkhand--hi", "isoid": "JH", "key": "Jharkhand", "lang": "hi", "name": "झारखण्ड", "zip": "81[4-9]|82|83[0-5]"}, "IN/Karnataka": {"id": "data/IN/Karnataka", "isoid": "KA", "key": "Karnataka", "lang": "en", "name": "Karnataka", "zip": "5[4-9]|53[7-9]"}, "IN/Karnataka--hi": {"id": "data/IN/Karnataka--hi", "isoid": "KA", "key": "Karnataka", "lang": "hi", "name": "कर्नाटक", "zip": "5[4-9]|53[7-9]"}, "IN/Kerala": {"id": "data/IN/Kerala", "isoid": "KL", "key": "Kerala", "lang": "en", "name": "Kerala", "zip": "6[7-9]|6010|607008|777"}, "IN/Kerala--hi": {"id": "data/IN/Kerala--hi", "isoid": "KL", "key": "Kerala", "lang": "hi", "name": "केरल", "zip": "6[7-9]|6010|607008|777"}, "IN/Lakshadweep": {"id": "data/IN/Lakshadweep", "isoid": "LD", "key": "Lakshadweep", "lang": "en", "name": "Lakshadweep", "zip": "682"}, "IN/Lakshadweep--hi": {"id": "data/IN/Lakshadweep--hi", "isoid": "LD", "key": "Lakshadweep", "lang": "hi", "name": "लक्षद्वीप", "zip": "682"}, "IN/Madhya Pradesh": {"id": "data/IN/Madhya Pradesh", "isoid": "MP", "key": "Madhya Pradesh", "lang": "en", "name": "Madhya Pradesh", "zip": "4[5-8]|490"}, "IN/Madhya Pradesh--hi": {"id": "data/IN/Madhya Pradesh--hi", "isoid": "MP", "key": "Madhya Pradesh", "lang": "hi", "name": "मध्य प्रदेश", "zip": "4[5-8]|490"}, "IN/Maharashtra": {"id": "data/IN/Maharashtra", "isoid": "MH", "key": "Maharashtra", "lang": "en", "name": "Maharashtra", "zip": "4[0-4]"}, "IN/Maharashtra--hi": {"id": "data/IN/Maharashtra--hi", "isoid": "MH", "key": "Maharashtra", "lang": "hi", "name": "महाराष्ट्र", "zip": "4[0-4]"}, "IN/Manipur": {"id": "data/IN/Manipur", "isoid": "MN", "key": "Manipur", "lang": "en", "name": "Manipur", "zip": "79[56]"}, "IN/Manipur--hi": {"id": "data/IN/Manipur--hi", "isoid": "MN", "key": "Manipur", "lang": "hi", "name": "मणिपुर", "zip": "79[56]"}, "IN/Meghalaya": {"id": "data/IN/Meghalaya", "isoid": "ML", "key": "Meghalaya", "lang": "en", "name": "Meghalaya", "zip": "79[34]"}, "IN/Meghalaya--hi": {"id": "data/IN/Meghalaya--hi", "isoid": "ML", "key": "Meghalaya", "lang": "hi", "name": "मेघालय", "zip": "79[34]"}, "IN/Mizoram": {"id": "data/IN/Mizoram", "isoid": "MZ", "key": "Mizoram", "lang": "en", "name": "Mizoram", "zip": "796"}, "IN/Mizoram--hi": {"id": "data/IN/Mizoram--hi", "isoid": "MZ", "key": "Mizoram", "lang": "hi", "name": "मिजोरम", "zip": "796"}, "IN/Nagaland": {"id": "data/IN/Nagaland", "isoid": "NL", "key": "Nagaland", "lang": "en", "name": "Nagaland", "zip": "79[78]"}, "IN/Nagaland--hi": {"id": "data/IN/Nagaland--hi", "isoid": "NL", "key": "Nagaland", "lang": "hi", "name": "नागालैंड", "zip": "79[78]"}, "IN/Odisha": {"id": "data/IN/Odisha", "isoid": "OR", "key": "Odisha", "lang": "en", "name": "Odisha", "zip": "7[5-7]"}, "IN/Odisha--hi": {"id": "data/IN/Odisha--hi", "isoid": "OR", "key": "Odisha", "lang": "hi", "name": "ओड़िशा", "zip": "7[5-7]"}, "IN/Puducherry": {"id": "data/IN/Puducherry", "isoid": "PY", "key": "Puducherry", "lang": "en", "name": "Puducherry", "zip": "60[579]"}, "IN/Puducherry--hi": {"id": "data/IN/Puducherry--hi", "isoid": "PY", "key": "Puducherry", "lang": "hi", "name": "पांडिचेरी", "zip": "60[579]"}, "IN/Punjab": {"id": "data/IN/Punjab", "isoid": "PB", "key": "Punjab", "lang": "en", "name": "Punjab", "zip": "1[456]"}, "IN/Punjab--hi": {"id": "data/IN/Punjab--hi", "isoid": "PB", "key": "Punjab", "lang": "hi", "name": "पंजाब", "zip": "1[456]"}, "IN/Rajasthan": {"id": "data/IN/Rajasthan", "isoid": "RJ", "key": "Rajasthan", "lang": "en", "name": "Rajasthan", "zip": "3[0-4]"}, "IN/Rajasthan--hi": {"id": "data/IN/Rajasthan--hi", "isoid": "RJ", "key": "Rajasthan", "lang": "hi", "name": "राजस्थान", "zip": "3[0-4]"}, "IN/Sikkim": {"id": "data/IN/Sikkim", "isoid": "SK", "key": "Sikkim", "lang": "en", "name": "Sikkim", "zip": "737|750"}, "IN/Sikkim--hi": {"id": "data/IN/Sikkim--hi", "isoid": "SK", "key": "Sikkim", "lang": "hi", "name": "सिक्किम", "zip": "737|750"}, "IN/Tamil Nadu": {"id": "data/IN/Tamil Nadu", "isoid": "TN", "key": "Tamil Nadu", "lang": "en", "name": "Tamil Nadu", "zip": "6[0-6]|536"}, "IN/Tamil Nadu--hi": {"id": "data/IN/Tamil Nadu--hi", "isoid": "TN", "key": "Tamil Nadu", "lang": "hi", "name": "तमिल नाडु", "zip": "6[0-6]|536"}, "IN/Telangana": {"id": "data/IN/Telangana", "isoid": "TG", "key": "Telangana", "lang": "en", "name": "Telangana", "zip": "5[0-3]"}, "IN/Telangana--hi": {"id": "data/IN/Telangana--hi", "isoid": "TG", "key": "Telangana", "lang": "hi", "name": "तेलंगाना", "zip": "5[0-3]"}, "IN/Tripura": {"id": "data/IN/Tripura", "isoid": "TR", "key": "Tripura", "lang": "en", "name": "Tripura", "zip": "799"}, "IN/Tripura--hi": {"id": "data/IN/Tripura--hi", "isoid": "TR", "key": "Tripura", "lang": "hi", "name": "त्रिपुरा", "zip": "799"}, "IN/Uttar Pradesh": {"id": "data/IN/Uttar Pradesh", "isoid": "UP", "key": "Uttar Pradesh", "lang": "en", "name": "Uttar Pradesh", "zip": "2[0-35-8]|24[0-7]|26[12]"}, "IN/Uttar Pradesh--hi": {"id": "data/IN/Uttar Pradesh--hi", "isoid": "UP", "key": "Uttar Pradesh", "lang": "hi", "name": "उत्तर प्रदेश", "zip": "2[0-35-8]|24[0-7]|26[12]"}, "IN/Uttarakhand": {"id": "data/IN/Uttarakhand", "isoid": "UT", "key": "Uttarakhand", "lang": "en", "name": "Uttarakhand", "zip": "24[46-9]|254|26[23]"}, "IN/Uttarakhand--hi": {"id": "data/IN/Uttarakhand--hi", "isoid": "UT", "key": "Uttarakhand", "lang": "hi", "name": "उत्तराखण्ड", "zip": "24[46-9]|254|26[23]"}, "IN/West Bengal": {"id": "data/IN/West Bengal", "isoid": "WB", "key": "West Bengal", "lang": "en", "name": "West Bengal", "zip": "7[0-4]"}, "IN/West Bengal--hi": {"id": "data/IN/West Bengal--hi", "isoid": "WB", "key": "West Bengal", "lang": "hi", "name": "पश्चिम बंगाल", "zip": "7[0-4]"}}