{"PE": {"fmt": "%N%n%O%n%A%n%C %Z%n%S", "id": "data/PE", "key": "PE", "lang": "es", "languages": "es", "locality_name_type": "district", "name": "PERU", "posturl": "http://www.serpost.com.pe/cpostal/codigo", "sub_isoids": "AMA~ANC~APU~ARE~AYA~CAJ~CAL~CUS~LIM~HUV~HUC~ICA~JUN~LAL~LAM~LOR~MDD~MOQ~LMA~PAS~PIU~PUN~SAM~TAC~TUM~UCA", "sub_keys": "Amazonas~Áncash~Apurímac~Arequipa~Ayacucho~Cajamarca~Callao~Cuzco~Gobierno Regional de Lima~Huancavelica~Huánuco~Ica~Junín~La Libertad~Lambayeque~Loreto~Madre de Dios~Moquegua~Municipalidad Metropolitana de Lima~Pasco~Piura~Puno~San Martín~Tacna~Tumbes~Ucayali", "zip": "(?:LIMA \\d{1,2}|CALLAO 0?\\d)|[0-2]\\d{4}", "zipex": "LIMA 23,LIMA 42,CALLAO 2,02001"}, "PE/Amazonas": {"id": "data/PE/Amazonas", "isoid": "AMA", "key": "Amazonas", "lang": "es"}, "PE/Apurímac": {"id": "data/PE/Apurímac", "isoid": "APU", "key": "Apurímac", "lang": "es"}, "PE/Arequipa": {"id": "data/PE/Arequipa", "isoid": "ARE", "key": "Arequipa", "lang": "es"}, "PE/Ayacucho": {"id": "data/PE/Ayacucho", "isoid": "AYA", "key": "Ayacucho", "lang": "es"}, "PE/Cajamarca": {"id": "data/PE/Cajamarca", "isoid": "CAJ", "key": "Cajamarca", "lang": "es"}, "PE/Callao": {"id": "data/PE/Callao", "isoid": "CAL", "key": "Callao", "lang": "es"}, "PE/Cuzco": {"id": "data/PE/Cuzco", "isoid": "CUS", "key": "Cuzco", "lang": "es"}, "PE/Gobierno Regional de Lima": {"id": "data/PE/Gobierno Regional de Lima", "isoid": "LIM", "key": "Gobierno Regional de Lima", "lang": "es"}, "PE/Huancavelica": {"id": "data/PE/Huancavelica", "isoid": "HUV", "key": "Huancavelica", "lang": "es"}, "PE/Huánuco": {"id": "data/PE/Huánuco", "isoid": "HUC", "key": "Huánuco", "lang": "es"}, "PE/Ica": {"id": "data/PE/Ica", "isoid": "ICA", "key": "Ica", "lang": "es"}, "PE/Junín": {"id": "data/PE/Junín", "isoid": "JUN", "key": "Junín", "lang": "es"}, "PE/La Libertad": {"id": "data/PE/La Libertad", "isoid": "LAL", "key": "La Libertad", "lang": "es"}, "PE/Lambayeque": {"id": "data/PE/Lambayeque", "isoid": "LAM", "key": "Lambayeque", "lang": "es"}, "PE/Loreto": {"id": "data/PE/Loreto", "isoid": "LOR", "key": "Loreto", "lang": "es"}, "PE/Madre de Dios": {"id": "data/PE/Madre de Dios", "isoid": "MDD", "key": "Madre de Dios", "lang": "es"}, "PE/Moquegua": {"id": "data/PE/Moquegua", "isoid": "MOQ", "key": "Moquegua", "lang": "es"}, "PE/Municipalidad Metropolitana de Lima": {"id": "data/PE/Municipalidad Metropolitana de Lima", "isoid": "LMA", "key": "Municipalidad Metropolitana de Lima", "lang": "es"}, "PE/Pasco": {"id": "data/PE/Pasco", "isoid": "PAS", "key": "Pasco", "lang": "es"}, "PE/Piura": {"id": "data/PE/Piura", "isoid": "PIU", "key": "Piura", "lang": "es"}, "PE/Puno": {"id": "data/PE/Puno", "isoid": "PUN", "key": "Puno", "lang": "es"}, "PE/San Martín": {"id": "data/PE/San Martín", "isoid": "SAM", "key": "San Martín", "lang": "es"}, "PE/Tacna": {"id": "data/PE/Tacna", "isoid": "TAC", "key": "Tacna", "lang": "es"}, "PE/Tumbes": {"id": "data/PE/Tumbes", "isoid": "TUM", "key": "Tumbes", "lang": "es"}, "PE/Ucayali": {"id": "data/PE/Ucayali", "isoid": "UCA", "key": "Ucayali", "lang": "es"}, "PE/Áncash": {"id": "data/PE/Áncash", "isoid": "ANC", "key": "Áncash", "lang": "es"}}