{"UA": {"fmt": "%N%n%O%n%A%n%C%n%S%n%Z", "id": "data/UA", "key": "UA", "lang": "uk", "languages": "uk", "lfmt": "%N%n%O%n%A%n%C%n%S%n%Z", "name": "UKRAINE", "posturl": "http://services.ukrposhta.com/postindex_new/", "require": "ACSZ", "state_name_type": "oblast", "sub_isoids": "43~05~07~12~14~18~21~23~26~30~32~35~09~46~48~51~53~56~40~59~61~63~65~68~71~77~74", "sub_keys": "Автономна Республіка Крим~Вінницька область~Волинська область~Дніпропетровська область~Донецька область~Житомирська область~Закарпатська область~Запорізька область~Івано-Франківська область~місто Київ~Київська область~Кіровоградська область~Луганська область~Львівська область~Миколаївська область~Одеська область~Полтавська область~Рівненська область~місто Севастополь~Сумська область~Тернопільська область~Харківська область~Херсонська область~Хмельницька область~Черкаська область~Чернівецька область~Чернігівська область", "sub_lnames": "Crimea~Vinnyts'ka oblast~Volyns'ka oblast~Dnipropetrovsk oblast~Donetsk oblast~Zhytomyrs'ka oblast~Zakarpats'ka oblast~Zaporiz'ka oblast~Ivano-Frankivs'ka oblast~Kyiv city~Kiev oblast~Kirovohrads'ka oblast~Luhans'ka oblast~Lviv oblast~Mykolaivs'ka oblast~Odessa oblast~Poltavs'ka oblast~Rivnens'ka oblast~Sevastopol' city~Sums'ka oblast~Ternopil's'ka oblast~Kharkiv oblast~Khersons'ka oblast~Khmel'nyts'ka oblast~Cherkas'ka oblast~Chernivets'ka oblast~Chernihivs'ka oblast", "sub_names": "Автономна Республіка Крим~Вінницька область~Волинська область~Дніпропетровська область~Донецька область~Житомирська область~Закарпатська область~Запорізька область~Івано-Франківська область~Київ~Київська область~Кіровоградська область~Луганська область~Львівська область~Миколаївська область~Одеська область~Полтавська область~Рівненська область~Севастополь~Сумська область~Тернопільська область~Харківська область~Херсонська область~Хмельницька область~Черкаська область~Чернівецька область~Чернігівська область", "sub_zips": "9[5-8]~2[1-4]~4[3-5]~49|5[0-3]~8[3-7]~1[0-3]~8[89]|90~69|7[0-2]~7[6-8]~0[1-6]~0[7-9]~2[5-8]~9[1-4]~79|8[0-2]~5[4-7]~6[5-8]~3[6-9]~3[3-5]~99~4[0-2]~4[6-8]~6[1-4]~7[3-5]~29|3[0-2]~1[89]|20~5[89]|60~1[4-7]", "zip": "\\d{5}", "zipex": "15432,01055,01001"}, "UA/Івано-Франківська область": {"id": "data/UA/Івано-Франківська область", "isoid": "26", "key": "Івано-Франківська область", "lang": "uk", "lname": "Ivano-Frankivs'ka oblast", "name": "Івано-Франківська область", "zip": "7[6-8]"}, "UA/Автономна Республіка Крим": {"id": "data/UA/Автономна Республіка Крим", "isoid": "43", "key": "Автономна Республіка Крим", "lang": "uk", "lname": "Crimea", "name": "Автономна Республіка Крим", "zip": "9[5-8]"}, "UA/Волинська область": {"id": "data/UA/Волинська область", "isoid": "07", "key": "Волинська область", "lang": "uk", "lname": "Volyns'ka oblast", "name": "Волинська область", "zip": "4[3-5]"}, "UA/Вінницька область": {"id": "data/UA/Вінницька область", "isoid": "05", "key": "Вінницька область", "lang": "uk", "lname": "Vinnyts'ka oblast", "name": "Вінницька область", "zip": "2[1-4]"}, "UA/Дніпропетровська область": {"id": "data/UA/Дніпропетровська область", "isoid": "12", "key": "Дніпропетровська область", "lang": "uk", "lname": "Dnipropetrovsk oblast", "name": "Дніпропетровська область", "zip": "49|5[0-3]"}, "UA/Донецька область": {"id": "data/UA/Донецька область", "isoid": "14", "key": "Донецька область", "lang": "uk", "lname": "Donetsk oblast", "name": "Донецька область", "zip": "8[3-7]"}, "UA/Житомирська область": {"id": "data/UA/Житомирська область", "isoid": "18", "key": "Житомирська область", "lang": "uk", "lname": "Zhytomyrs'ka oblast", "name": "Житомирська область", "zip": "1[0-3]"}, "UA/Закарпатська область": {"id": "data/UA/Закарпатська область", "isoid": "21", "key": "Закарпатська область", "lang": "uk", "lname": "Zakarpats'ka oblast", "name": "Закарпатська область", "zip": "8[89]|90"}, "UA/Запорізька область": {"id": "data/UA/Запорізька область", "isoid": "23", "key": "Запорізька область", "lang": "uk", "lname": "Zaporiz'ka oblast", "name": "Запорізька область", "zip": "69|7[0-2]"}, "UA/Київська область": {"id": "data/UA/Київська область", "isoid": "32", "key": "Київська область", "lang": "uk", "lname": "Kiev oblast", "name": "Київська область", "zip": "0[7-9]"}, "UA/Кіровоградська область": {"id": "data/UA/Кіровоградська область", "isoid": "35", "key": "Кіровоградська область", "lang": "uk", "lname": "Kirovohrads'ka oblast", "name": "Кіровоградська область", "zip": "2[5-8]"}, "UA/Луганська область": {"id": "data/UA/Луганська область", "isoid": "09", "key": "Луганська область", "lang": "uk", "lname": "Luhans'ka oblast", "name": "Луганська область", "zip": "9[1-4]"}, "UA/Львівська область": {"id": "data/UA/Львівська область", "isoid": "46", "key": "Львівська область", "lang": "uk", "lname": "Lviv oblast", "name": "Львівська область", "zip": "79|8[0-2]"}, "UA/Миколаївська область": {"id": "data/UA/Миколаївська область", "isoid": "48", "key": "Миколаївська область", "lang": "uk", "lname": "Mykolaivs'ka oblast", "name": "Миколаївська область", "zip": "5[4-7]"}, "UA/Одеська область": {"id": "data/UA/Одеська область", "isoid": "51", "key": "Одеська область", "lang": "uk", "lname": "Odessa oblast", "name": "Одеська область", "zip": "6[5-8]"}, "UA/Полтавська область": {"id": "data/UA/Полтавська область", "isoid": "53", "key": "Полтавська область", "lang": "uk", "lname": "Poltavs'ka oblast", "name": "Полтавська область", "zip": "3[6-9]"}, "UA/Рівненська область": {"id": "data/UA/Рівненська область", "isoid": "56", "key": "Рівненська область", "lang": "uk", "lname": "Rivnens'ka oblast", "name": "Рівненська область", "zip": "3[3-5]"}, "UA/Сумська область": {"id": "data/UA/Сумська область", "isoid": "59", "key": "Сумська область", "lang": "uk", "lname": "Sums'ka oblast", "name": "Сумська область", "zip": "4[0-2]"}, "UA/Тернопільська область": {"id": "data/UA/Тернопільська область", "isoid": "61", "key": "Тернопільська область", "lang": "uk", "lname": "Ternopil's'ka oblast", "name": "Тернопільська область", "zip": "4[6-8]"}, "UA/Харківська область": {"id": "data/UA/Харківська область", "isoid": "63", "key": "Харківська область", "lang": "uk", "lname": "Kharkiv oblast", "name": "Харківська область", "zip": "6[1-4]"}, "UA/Херсонська область": {"id": "data/UA/Херсонська область", "isoid": "65", "key": "Херсонська область", "lang": "uk", "lname": "Khersons'ka oblast", "name": "Херсонська область", "zip": "7[3-5]"}, "UA/Хмельницька область": {"id": "data/UA/Хмельницька область", "isoid": "68", "key": "Хмельницька область", "lang": "uk", "lname": "Khmel'nyts'ka oblast", "name": "Хмельницька область", "zip": "29|3[0-2]"}, "UA/Черкаська область": {"id": "data/UA/Черкаська область", "isoid": "71", "key": "Черкаська область", "lang": "uk", "lname": "Cherkas'ka oblast", "name": "Черкаська область", "zip": "1[89]|20"}, "UA/Чернівецька область": {"id": "data/UA/Чернівецька область", "isoid": "77", "key": "Чернівецька область", "lang": "uk", "lname": "Chernivets'ka oblast", "name": "Чернівецька область", "zip": "5[89]|60"}, "UA/Чернігівська область": {"id": "data/UA/Чернігівська область", "isoid": "74", "key": "Чернігівська область", "lang": "uk", "lname": "Chernihivs'ka oblast", "name": "Чернігівська область", "zip": "1[4-7]"}, "UA/місто Київ": {"id": "data/UA/місто Київ", "isoid": "30", "key": "місто Київ", "lang": "uk", "lname": "Kyiv city", "name": "Київ", "zip": "0[1-6]"}, "UA/місто Севастополь": {"id": "data/UA/місто Севастополь", "isoid": "40", "key": "місто Севастополь", "lang": "uk", "lname": "Sevastopol' city", "name": "Севастополь", "zip": "99"}}